<?xml version="1.0" encoding="utf-8"?>
<beans xmlns="http://www.springframework.org/schema/beans"
       xmlns:xsi="http://www.w3.org/2001/XMLSchema-instance" xmlns:tx="http://www.springframework.org/schema/tx"
       xmlns:aop="http://www.springframework.org/schema/aop" xmlns:context="http://www.springframework.org/schema/context"
       xsi:schemaLocation="http://www.springframework.org/schema/tx http://www.springframework.org/schema/tx/spring-tx-3.2.xsd
	   http://www.springframework.org/schema/aop http://www.springframework.org/schema/aop/spring-aop-3.2.xsd
	   http://www.springframework.org/schema/beans http://www.springframework.org/schema/beans/spring-beans.xsd
	   http://www.springframework.org/schema/context http://www.springframework.org/schema/context/spring-context.xsd">



    <!-- 属性文件读入 -->
    <bean class="org.springframework.beans.factory.config.PropertyPlaceholderConfigurer">
        <property name="ignoreUnresolvablePlaceholders" value="true"/>
        <property name="locations">
            <list>
                <value>classpath:config_dev/config.properties</value>
            </list>
        </property>
    </bean>

    <context:component-scan base-package="com.ft.backend.work">
        <context:exclude-filter type="annotation" expression="org.springframework.stereotype.Controller" />
    </context:component-scan>

    <bean id="dataSource" class="com.alibaba.druid.pool.DruidDataSource" init-method="init" destroy-method="close">
        <!-- 基本属性 url、user、password -->
        <property name="url" value="${jdbc.url}" />
        <property name="username" value="${jdbc.user}" />
        <property name="password" value="${jdbc.password}" />
        <!-- 配置初始化大小、最小、最大 -->
        <property name="initialSize" value="10" />
        <property name="minIdle" value="5" />
        <property name="maxActive" value="20" />
        <!-- 配置获取连接等待超时的时间 -->
        <property name="maxWait" value="10000" />
        <!-- 配置间隔多久才进行一次检测，检测需要关闭的空闲连接，单位是毫秒 -->
        <property name="timeBetweenEvictionRunsMillis" value="60000" />
        <!-- 配置一个连接在池中最小生存的时间，单位是毫秒 -->
        <property name="minEvictableIdleTimeMillis" value="300000" />
        <property name="validationQuery" value="SELECT 'x'" />
        <property name="testWhileIdle" value="true" />
        <property name="testOnBorrow" value="false" />
        <property name="testOnReturn" value="false" />
        <!-- 打开PSCache，并且指定每个连接上PSCache的大小 -->

        <property name="poolPreparedStatements" value="true" />
        <property name="maxPoolPreparedStatementPerConnectionSize" value="20" />

        <!-- 配置监控统计拦截的filters，去掉后监控界面sql无法统计 -->
        <property name="filters" value="stat" />
    </bean>

    <bean id="sqlSessionFactory" class="org.mybatis.spring.SqlSessionFactoryBean">
        <property name="dataSource" ref="dataSource" />
        <property name="configLocation" value="classpath:mybatis-config.xml" />
        <property name="mapperLocations">
            <value>classpath:mapper/*.xml</value>
        </property>
    </bean>

    <bean class="org.mybatis.spring.mapper.MapperScannerConfigurer">
        <property name="basePackage" value="com.ft.backend.work.dao" />
        <property name="sqlSessionFactoryBeanName" value="sqlSessionFactory" />
    </bean>

    <bean id="transactionManager" class="org.springframework.jdbc.datasource.DataSourceTransactionManager">
        <property name="dataSource" ref="dataSource" />
    </bean>

    <!-- 声明式事务管理 -->
    <tx:advice id="txAdvice" transaction-manager="transactionManager">
        <tx:attributes>
            <tx:method name="select*" propagation="SUPPORTS" read-only="true" />
            <tx:method name="get*" propagation="SUPPORTS" read-only="true" />
            <tx:method name="load*" propagation="SUPPORTS" read-only="true" />
            <tx:method name="find*" propagation="SUPPORTS" read-only="true" />
            <tx:method name="query*" propagation="SUPPORTS" read-only="true" />
            <tx:method name="read*" propagation="SUPPORTS" read-only="true" />
            <tx:method name="sync*" />

            <tx:method name="add*" propagation="REQUIRED" />
            <tx:method name="del*" propagation="REQUIRED" />
            <tx:method name="remove*" propagation="REQUIRED" />
            <tx:method name="modify*" propagation="REQUIRED" />
            <tx:method name="update*" propagation="REQUIRED" />
            <tx:method name="operate*" propagation="REQUIRED" />
        </tx:attributes>
    </tx:advice>

    <aop:config>
        <aop:pointcut id="executeService" expression="execution(* *..service*..*(..))" />
        <aop:advisor pointcut-ref="executeService" advice-ref="txAdvice" />
    </aop:config>

    <!-- 使用annotation定义事务 -->
    <tx:annotation-driven transaction-manager="transactionManager" proxy-target-class="true" />

    <!--import resource="applicationContext-tb.xml"/-->
    <!--import resource="applicationContext-jsf-consumer.xml"/>
    <import resource="applicationContext-jsf-provider.xml"/>
    <import resource="applicationContext-jmq.xml"/-->

</beans>