<?xml version="1.0" encoding="utf-8"?>
<beans xmlns="http://www.springframework.org/schema/beans"
       xmlns:xsi="http://www.w3.org/2001/XMLSchema-instance" xmlns:tx="http://www.springframework.org/schema/tx"
       xmlns:aop="http://www.springframework.org/schema/aop" xmlns:context="http://www.springframework.org/schema/context"
       xsi:schemaLocation="http://www.springframework.org/schema/tx http://www.springframework.org/schema/tx/spring-tx-3.2.xsd
	   http://www.springframework.org/schema/aop http://www.springframework.org/schema/aop/spring-aop-3.2.xsd
	   http://www.springframework.org/schema/beans http://www.springframework.org/schema/beans/spring-beans.xsd
	   http://www.springframework.org/schema/context http://www.springframework.org/schema/context/spring-context.xsd">

    <bean id="jedisPool" class="redis.clients.jedis.JedisPool" destroy-method="destroy">
        <constructor-arg ref="jedisPoolConfig" />
        <constructor-arg name="host" value="${redis.host}"/>
        <constructor-arg name="port" value="${redis.port}"/>
    </bean>

    <bean id="jedisPoolConfig" class="redis.clients.jedis.JedisPoolConfig">
        <property name="maxTotal" value="100" />
        <property name="maxIdle" value="50" />
        <property name="maxWaitMillis" value="1500"/>
        <property name="testOnBorrow" value="true" />
        <property name="testWhileIdle" value="true"/>
        <property name="testOnReturn" value="false"/>
        <property name="jmxEnabled" value="true"/>
    </bean>

    <!--bean id="captchaCache" class="com.viewmacro.manwei.common.cache.JCloudCache">
        <property name="region" value="captcha"/>
    </bean>

    <bean id="smsCodeCache" class="com.viewmacro.manwei.common.cache.JCloudCache">
        <property name="region" value="smsCode"/>
    </bean>

    <bean id="accessTokenCache" class="com.viewmacro.manwei.common.cache.JCloudCache">
        <property name="region" value="accessToken"/>
    </bean>

    <bean id="technologyMapCache" class="com.viewmacro.manwei.common.cache.JCloudCache">
        <property name="region" value="technologyMap"/>
    </bean>

    <bean id="certificateMapCache" class="com.viewmacro.manwei.common.cache.JCloudCache">
        <property name="region" value="certificateMap"/>
    </bean>

    <bean id="sysRegionMapCache" class="com.viewmacro.manwei.common.cache.JCloudCache">
        <property name="region" value="sysRegionMap"/>
    </bean>

    <bean id="testCache" class="com.viewmacro.manwei.common.cache.JCloudCache">
        <property name="region" value="test"/>
    </bean>

    <bean id="jedisPoolStatusPrinter" class="com.viewmacro.manwei.common.cache.JedisPoolStatusPrinter">
        <property name="jedisPool" ref="jedisPool"/>
    </bean-->
</beans>