<?xml version="1.0" encoding="UTF-8"?>
<beans xmlns="http://www.springframework.org/schema/beans"
       xmlns:xsi="http://www.w3.org/2001/XMLSchema-instance" xmlns:context="http://www.springframework.org/schema/context"
       xmlns:mvc="http://www.springframework.org/schema/mvc"
       xsi:schemaLocation="
		http://www.springframework.org/schema/beans http://www.springframework.org/schema/beans/spring-beans-3.2.xsd
		http://www.springframework.org/schema/context http://www.springframework.org/schema/context/spring-context-3.2.xsd
		http://www.springframework.org/schema/mvc http://www.springframework.org/schema/mvc/spring-mvc-3.2.xsd">

    <bean class="org.springframework.beans.factory.config.PropertyPlaceholderConfigurer">
        <property name="systemPropertiesModeName" value="SYSTEM_PROPERTIES_MODE_OVERRIDE"/>
        <property name="ignoreResourceNotFound" value="true"/>
        <property name="locations">
            <list>
                <value>classpath:config_dev/config.properties</value>
            </list>
        </property>
    </bean>

    <mvc:default-servlet-handler />
    <mvc:annotation-driven />

    <!--
    <context:component-scan base-package="com.viewmacro.manwei.controller" />
    <context:component-scan base-package="com.viewmacro.manwei.handler" />
    -->

    <!-- 避免IE执行AJAX时,返回JSON出现下载文件 -->
    <bean id="mappingJacksonHttpMessageConverter" class="org.springframework.http.converter.json.MappingJackson2HttpMessageConverter">
        <property name="supportedMediaTypes">
            <list>
                <value>text/html;charset=UTF-8</value>
            </list>
        </property>
    </bean>

    <!-- 启动Spring MVC的注解功能，完成请求和注解POJO的映射 -->
    <bean class="org.springframework.web.servlet.mvc.annotation.AnnotationMethodHandlerAdapter">
        <property name="messageConverters">
            <list>
                <ref bean="mappingJacksonHttpMessageConverter" />
            </list>
        </property>
    </bean>

     <!-- 文件上传 -->
    <bean id="multipartResolver" class="org.springframework.web.multipart.commons.CommonsMultipartResolver">
        <property name="maxUploadSize" value="10485760000" />
    </bean>

<!--
    <bean id="validatorMessageSource" class="org.springframework.context.support.ResourceBundleMessageSource">
        <property name="basename" value="validatormessages" />
    </bean>

    <bean id="validator" class="org.springframework.validation.beanvalidation.LocalValidatorFactoryBean">
        <property name="validationMessageSource" ref="validatorMessageSource" />
    </bean>


    <mvc:annotation-driven validator="validator" />
-->

    <context:component-scan base-package="com.ft.backend.work.web.controller"/>

    <context:component-scan base-package="com.ft.backend.task"/>

    <!-- ViewResolver & View 映射关系 -->
    <!-- 视图模式配置,velocity配置文件-->
    <!--bean id="velocityConfig" class="org.springframework.web.servlet.view.velocity.VelocityConfigurer">
        <property name="resourceLoaderPath" value="/WEB-INF/velocity" />
        <property name="configLocation" value="classpath:properties/velocity.properties" />
    </bean-->

    <!-- 配置后缀 -->
    <!--bean id="velocityViewResolver" class="org.springframework.web.servlet.view.velocity.VelocityViewResolver">
        <property name="contentType"><value>text/html;charset=UTF-8</value></property>
        <property name="suffix" value=".vm" />
    </bean-->

    <!--import resource="applicationContext-tb.xml" /-->
    <import resource="classpath:spring/spring-schedule.xml"/>
    <import resource="classpath:spring/interceptor.xml"/>
</beans>