<?xml version="1.0" encoding="UTF-8"?>
<beans xmlns:xsi="http://www.w3.org/2001/XMLSchema-instance"
       xmlns:context="http://www.springframework.org/schema/context"
       xmlns="http://www.springframework.org/schema/beans"
       xsi:schemaLocation="http://www.springframework.org/schema/beans
                        http://www.springframework.org/schema/beans/spring-beans-3.1.xsd
                        http://www.springframework.org/schema/context
                        http://www.springframework.org/schema/context/spring-context-3.1.xsd">

    <!--bean id="scheduleManagerFactory" class="com.taobao.pamirs.schedule.strategy.TBScheduleManagerFactory" init-method="init">
		<property name="zkConfig">
			<map>
			    <entry key="zkConnectString" value="${prop.zookeeper.servers}" />
			    <entry key="rootPath" value="${prop.zookeeper.rootPath}" />
			    <entry key="zkSessionTimeout" value="${prop.zookeeper.zkSessionTimeout}" />
			    <entry key="userName" value="${prop.zookeeper.userName_zk}" />
			    <entry key="password" value="${prop.zookeeper.password}" />
			    <entry key="isCheckParentPath" value="${prop.zookeeper.isCheckParentPath}" />
			</map>
		</property>
	</bean-->

</beans>